{"cameraMode":{"drawMode":0,"name":"Shaded","section":"Shading Mode"},"sceneLighting":false,"audioPlay":false,"sceneViewState":{"m_AlwaysRefresh":false,"showFog":true,"showSkybox":false,"showFlares":true,"showImageEffects":true,"showParticleSystems":true,"showVisualEffectGraphs":true,"m_FxEnabled":true},"in2DMode":false,"pivot":{"x":-2.0899999141693117,"y":1.3437366485595704,"z":14.889734268188477},"rotation":{"x":0.37286514043807986,"y":0.25017502903938296,"z":-0.1051255464553833,"w":0.8873224854469299},"size":1.7320507764816285,"orthographic":false}